There s no documentation about how to create native module on Windows. Related How to call a method added to the windows native module of Appelerator Platform ,TIMOB-23148,0,
The files just lives in the wrong place on the filesystem compared to it s header and namespace.,TIMOB-20607,0,
Some UI components has inconsistent layout behaviors when auto layout property is toggled on off. Components include TiMediaVideoPlayer TiUIButton TiUIButtonBar TiUICanvasView TiUIImageView TiUILabel TiUIListView TiUIMaskedImage TiUINavBarButton TiUIPicker TiUIProgressBar TiUIScrollView TiUIScrollableView TiUISearchBar TiUISlider TiUISwitch TiUITabGroup TiUITableView TiUITextField TiUITextWidget TiUIWebView TiUIiOSAdView TiUIiOSToolbar TiUIiPadSplitWindow ,TIMOB-20505,0,
"Enabling background task requires badge icon when building for Windows Store. It is required to package the app even when badge is not actually used. 04 26 48 error APPX1675 App manifest declares background task of type timer, control channel, push notification, or location without enabling lock screen notifications. FYI Enabling background task tiapp.xml windows manifest Extensions Extension BackgroundTasks Task Type timer BackgroundTasks Extension Extensions manifest windows ",TIMOB-20496,0,
"The releases on GitHub are marked as pre release since 5.0.2.GA, which makes 5.0.1.GA still marked as latest release ",TIMOB-20442,0,
"Github recently published a new feature to create issue and PR templates for community contributions. In our case, we would be able to inform the user about the coding guidelines for extending the SDK, the CLA link, the necessary docs etc. For issues, we could mention to create a JIRA ticket first, attach build logs and provide the environment. The required files are placed inside a .github directory. More information ",TIMOB-20424,0,
"The master branch has been 6.0.0 all along. Now that the roadmap has changed, we have to change the version to 5.4.0, and the docs for already merged tickets that were marked 6.0.0 to since 5.4.0 ",TIMOB-20413,0,
"Travis CI has been doing well for build and unit testing on the titanium mobile repo. However, several issues occur when using newer versions of Xcode 6.4, including performance and other fails. To be able to have a more configurable environment, it ll be better to build a jenkins machine instead that can vet every PR ready to be merged into the repo.",TIMOB-20329,0,
MSBuild seems to lock resources after builds; preventing subsequent builds from completing. This can be resolved by disabling node reuse This could also fix the previous problems of building in parallel?,TIMOB-20300,0,
"We have an android example of bluring a view, we should add the iOS equivalent, too.",TIMOB-20277,0,
We currently run our unit test suite only on Windows Phone emulator for both 8.1 and 10.0 . We should also run the suite against a Windows Store desktop app target of ws local .,TIMOB-20263,0,
"According to Application Verifier for Windows Phone, bad memory allocation due to heap corruption and out of memory error has been observed. This may be a root cause of crash at application startup TIMOB 20197 . I m observing that one of out of memory error occurs at constructor. Because we are instantiating every Titanium object in there, we may have a chance to reduce memory consumption by delaying instantiation of them. We might be able to instantiate them on demand. ",TIMOB-20256,0,
"As part of the major release 6.0.0, we should set the minimum Xcode version from 6.4 to 7.2 and remove the macros to cleanup the code base.",TIMOB-20228,0,
"Currently JavaScriptCore uses Thread Local Storage functions to handle threading. It has been supported even on Windows Phone as well as Windows Store app, but as of Windows 10 it is not supported and it won t pass the Windows App Certification. ",TIMOB-20205,0,
Ti SDK 5.1 introduced permission checks on the camera module to prevent showCamera from being called when a user has denied permission but there are other possible scenarios besides permissions. The TiCameraActivity is missing a try catch block around Camera.open . See Android documentation ,TIMOB-20202,0,
"We have been disabling linker option just to supress compiler warning message for simulator according to Since SAFESEH option is only available on x86 build, it has been a no problem before because it only affects on the simulator. But in the Windows 10 world, we could have x86 app for the Store App, and disabling SAFESEH won t pass the Windows App Certification for x86. We should enable it again even on x86 build. ",TIMOB-20201,0,
"Since Windows Phone requires explicit permission to enable some API, we ll need to document about how to enable additional capabilities in tiapp.xml . h5. i.e. how to enable user account information TIMOB 20173 windows Capabilities uap Capability Capabilities windows h5 i.e. how to allow background audio TIMOB 20035 windows manifest Extensions Extension BackgroundTasks Task Type audio BackgroundTasks Extension Extensions manifest windows ",TIMOB-20185,0,
"On Windows 8.1 Phone we use a Pivot On Windows 8.1 Store desktop we use a ListView. Just by how the macros fall, we use the same in Windows 10 Desktop and Mobile now. In the source we note we may want to use a SplitView on Windows 10 and I think we have the choice of all three on Windows 10, so we may want to see which is the best fit.",TIMOB-20164,0,
"Right now we have a single PR builder for Windows SDK and it runs the 8.1 build and unit tests. We should have it build for both Windows 8.1 and 10 and run those unit tests. Some possible solutions Generate a second PR builder copy of the first that runs 10 and unit test Make the existing PR builder more like our master build where it farms out to special 8.1 and 10.0 build jobs as a steps. Not sure if these jobs would get the code from the PR branches refs on fetch without some changes, though.",TIMOB-20159,0,
"Our script for generating VS solutions from our Examples assumes usage if Windows 8.1 We have arguments to target Windows 10 MSBuild 14.0, but it doesn t create a proper appxmanifest for Windows 10 it assumes the Windows 8.1 version. We should probably just have it make use of the appxmanifests we have in the templates directory and populate them with some hard coded app from each example.",TIMOB-20158,0,
"We have a setup.js script we use to help get SDK developers and the build machine configured for doing development and builds. When run on Windows 10, It says it s setting the GTEST ROOT, and BOOST ROOT but if I close and open a new cmd shell, those values aren t set.",TIMOB-20086,0,
"Hello, Ti.barcode stopped to work in IOS8 after adding 64 bit support in our App. Can you please see if we are missing something in integration? Thank you.",TIMOB-20068,0,
"When we target Windows 10 as the end SDK target for a user s app, we need to be sure we use the Win10 compiled SDK libraries.",TIMOB-20051,0,
"We have separate builds of the SDK done against Win 8.1 and Win 10. We need to package both versions up into a single zip that is used in the main SDK. We can t just mash together the two zips, as we need to adjust where the WIn10 builds get packaged up in the final zip. Right now they re under store x86 and store ARM. They probably should be under something like win10 x86 and win10 ARM since they re supposed to be universal for Win10 store phone.",TIMOB-20050,0,
"We currently run mocha tests against the Windows emulator when we build on Windows 8.1. We should do the equivalent for Windows 10 builds. I m not sure if that means we d need to run the tests against Windows Store deploy target, or if we can just run normally against the Win10 phone emulator which likely will require CLI work to know which lib versions are OK for win10 universal ",TIMOB-20049,0,
"To improve the quality of the SDK, we now include automated unit tests in Travis CI, such that unit tests are performed on iOS and Android. If a certain pass criteria is not met, Travis CI will indicate a build fail for the pull request.",TIMOB-19997,0,
"Build Titanium libs and apps for Windows 10 store universal , and see if it runs under Windows 10 mobile. suggests that what you build for desktop should also be able to targt phone ",TIMOB-19867,0,
"Currently there are a lot of unit test which is skipped in NMocha. There should be a lot of changes since we introduce mocha tests, so we might want to re visit these tests and see if it works now. If we still find a test that is failing we need to create a new ticket for it. ",TIMOB-19865,0,
"Our current build for Windows SDK assumes we have a pre built JSC installed on the machine and an environment variable pointing at it. This means that we have to VPN and RDP into the build agents to set up a new different JSC build to use grab the zip, unzip it, and then change the environment variable to point at the new folder. This means we can t try out new versions of JSC in a new build or PR. We should change the build scripts in groovy and or the node scripts to be able to point at a new JSC build URL to use for the build so that we can make PRs that update JSC and see if the build tests pass, and so that we eliminate the manual steps in setting up the build.",TIMOB-19804,0,
Once the V8 library is updated we ll need to do some significant work to update our native C code. There have been a number of large breaking API changes in V8 that we ll need to handle. See ,TIMOB-19795,0,
"We ll need to update some build files to target the new V8 library once it s ready. Specifically Point to the new version number here Update the makefiles to handle the new libs which are built into separate static libraries, not a single libv8.a Possibly update the ant build.xml to grab the built library ",TIMOB-19793,0,
"Looks like current stable is now 4.6.85 of V8, though given how long all the pieces to do this will take, we may want to target 4.8 which is the current dev channel the stable branch gets moved every 6 weeks . ",TIMOB-19791,0,
"Per on TIMOB 19750 We might want to clarify which could be read as Visual Studio 2015 being higher then VS2013 Community as well. Also, we might want to revisit installation docs about use with VS 2015 and Windows 10.",TIMOB-19789,0,
"Add some mechanism to reference, include and use third party libraries in Hyperloop JS code.",TIMOB-19717,0,
"We should really set up a Windows 10 and VS 2015 box to use as a Jenkins build agent, so we can compile JSC, HAL, Windows SDK against Win10.",TIMOB-19704,0,
Support some syntax that allows users to implement a native interface in Hyperloop JS.,TIMOB-19702,0,
"Generate a working version of the module that will allow users to add it to their project, and then require native Android types and call methods, access fields constants, instantiate instances of types.",TIMOB-19700,0,
"Some compile errors found in when targeting Windows 10 Store Apps. It also requires JavaScriptCore, HAL and gtest compiled under Visual Studio 2015.",TIMOB-19677,0,
Compile HAL targeting Windows 10. There s a link error when building HAL DLL under Windows 10 Visual Studio 2015. 1 JSString.obj error LNK2001 unresolved external symbol public static class std locale id Mbstatet id That s a known issue introduced from Visual Studio 2015 ,TIMOB-19676,0,
Titanium Windows SDK and HAL will fail to build under Visual Studio 2015 because current JavaScriptCore.lib is compiled under Visual Studio 2013. VS compiler will complain about the compiler version.,TIMOB-19662,0,
"Make sure Titanium example apps Movies, ToDoList, RSS reader etc work on Windows 10 environment.",TIMOB-19652,0,
"Latest cmake 3.3.2 doesn t support . Seems like latest MS version of cmake does support it, so we need to build get the binary and update our cmake. time cmake G Visual Studio 14 2015 Re run cmake no build system arguments CMake Error at CMakeLists.txt 17 project Visual Studio 14 2015 supports Windows Store 8.0 and 8.1 , but not 10.0 . Check ",TIMOB-19651,0,
"Tried doing this had to use JDK8 , and got the following Note Generating JSON Copying 18 files to Copied 21 empty directories to 9 empty directories under Compiling 105 source files to warning bootstrap class path not set in conjunction with source 1.6 error cannot access BinaryEncoder return new ^ class file for not found Note Some input files use or override a deprecated API. Note Recompile with Xlint deprecation for details. Note Some input files use unchecked or unsafe operations. Note Recompile with Xlint unchecked for details. 1 error 1 warning It appears there are at least a few issues to resolve.",TIMOB-19648,0,
The time has come.,TIMOB-19500,0,
Test CLI on Windows 10 Visual Studio Community Edition 2013.,TIMOB-19456,0,
"Generate a proof of concept for running Titanium API apps on Apple Watch using JerryScript as the JS engine. Ideally this would be able to leverage our existing iOS titanium mobile, or TitaniumKit HAL codebase. Perhaps a HAL equivalent on top of JerryScript that would require minimal work to have TitaniumKit to work on top be able to swap between the two engines easily ? Github Homepage API ",TIMOB-19287,0,
"Import the Movies sample alloy by using the latest Appcelerator Studio 4.1.0 release, through the dashboard. Then verify that you are able to build it for Win Phone and Store after adding windows to list of deploy targets in tiapp.xml . If you run into any issues, please file additional tickets. If the sample needs to be updated in any way like enabling capabilities , file a PR for the sample. ",TIMOB-19286,0,
"Our current port of Webkit JSC is roughly 2 years old. We should try and bring it up to date to get perf improvements, get more ES6 features, Promise, etc.",TIMOB-19243,0,
"When a TextField is in a TableViewRow , you can only enter one character and then the keyboard disappears. Expected Tap into the grey hint text and enter multiple characters on the keyboard which does not disappear Actual You can only enter one character and then the keyboard disappears. Code attached.",TIMOB-19241,0,
Found that inserts element only when the key is unique . TIMOB 19213 is happening because of this. We may want to double check if we did it correctly in other places. ,TIMOB-19216,0,
"Import the Employee Directory sample alloy by using the latest Appcelerator Studio 4.1.0 release, through the dashboard. Then verify that you are able to build it for Win Phone and Store after adding windows to list of deploy targets in tiapp.xml . If you run into any issues, please file additional tickets. If the sample needs to be updated in any way like enabling capabilities , file a PR for the sample.",TIMOB-19059,0,
"Import the Field Service sample alloy by using the latest Appcelerator Studio 4.1.0 release, through the dashboard. Then verify that you are able to build it for Win Phone and Store after adding windows to list of deploy targets in tiapp.xml . If you run into any issues, please file additional tickets. If the sample needs to be updated in any way like enabling capabilities , file a PR for the sample.",TIMOB-19058,0,
"Import the Todo List sample alloy by using the latest Appcelerator Studio 4.1.0 release, through the dashboard. Then verify that you are able to build it for Win Phone and Store after adding windows to list of deploy targets in tiapp.xml . If you run into any issues, please file additional tickets. If the sample needs to be updated in any way like enabling capabilities , file a PR for the sample.",TIMOB-19057,0,
"Import the Rss Reader sample alloy by using the latest Appcelerator Studio 4.1.0 release, through the dashboard. Then verify that you are able to build it for Win Phone and Store after adding windows to list of deploy targets in tiapp.xml . If you run into any issues, please file additional tickets. If the sample needs to be updated in any way like enabling capabilities , file a PR for the sample.",TIMOB-19056,0,
"Import the Geocoder sample alloy by using the latest Appcelerator Studio 4.1.0 release, through the dashboard. Then verify that you are able to build it for Win Phone and Store after adding windows to list of deploy targets in tiapp.xml . If you run into any issues, please file additional tickets. If the sample needs to be updated in any way like enabling capabilities , file a PR for the sample.",TIMOB-19055,0,
Package localization files like . ,TIMOB-19041,0,
Titanium has some global built in functions such as formats strings according to the IEEE printf specification. Both of those functions often appears in Titanium demo apps such as KitchenSink. ,TIMOB-19033,0,
Titanium build properties such as are not updated on each build. It returns placeholder string for now. See TiModule.cpp L32 should be integrated with CI build. ,TIMOB-19031,0,
There s no implementation to support .,TIMOB-18997,0,
should support CommonJS module loading described in CommonJS Modules in Titanium ,TIMOB-18975,0,
"We might want to write some comprehensive documentation for contributors. I think contributors may be categorized in three parts App developers, module developers and Ti.API developers, so we may need some docs written from different perspective . Write How to documenttion for app developers . Write How to documenttion for module developers . Write How to documenttion for Ti API developers",TIMOB-18950,0,
Jenkins CI build for has been failing around building mocha test. node test.js ... The remote procedure call failed. ,TIMOB-18949,0,
Create a build script in node to compile and package windows native modules.,TIMOB-18942,0,
Allow native windows modules to be used and exposed to titanium projects.,TIMOB-18940,0,
Add the ability to generate a native windows module project from the CLI,TIMOB-18939,0,
Create EJS templates to generate the native module project files.,TIMOB-18938,0,
Create a default project structure for a Windows native module. This will be used as the base for any new native Windows modules.,TIMOB-18937,0,
"We need to generate our wrappers as part of the build process and do so in the user s app, not in the TitaniumWindows module.",TIMOB-18935,0,
"Because of the reference link library issue on VS TIMOB 18774 , we need to reduce number of VS modules projects. It could be done by aggregating small modules such as .",TIMOB-18928,0,
"We have 4 separate projects for building JavaScriptCore for Windows 8, Windows Phone 8, Windows 8.1 Store and x86 Phone , and Windows Phone 8.1 ARM. We should attempt to combine at least the 8.1 projects into one, and possibly the 8 into one or into the 8.1 .",TIMOB-18904,0,
Want to double check new validators work as in test project. Related ticket DEVOPS 4274,TIMOB-18863,0,
"We have no notion of null primitive values. This is problematic when we have special structs like It s also problematic if we want to check if a property has never been assigned a value say color, on an animation . We can use default values and check for those such as empty string , but for double int32 t, uint32 t that s often more problematic. We want to explicitly know if the user gave a versus never having set a value. There s the boost optional type we could use, or we could simply make our own type.",TIMOB-18860,0,
Currently Ti for Windows is based on custom JavaScriptCore static library which is built from personal WebKit branch at We have but it doesn t track changes for Windows Phone. It should be the master of Windows Phone branch and should have CI server built on it. ,TIMOB-18859,0,
"All Titanium app for Windows Store should follow Windows Store policies described at . This includes app navigation policy on how to handle back button with your page dialog. Currently Ti app closes immediately when you press the back button even when you open multiple . Where applicable, pressing the back button should take the user to a previous page dialog. If the user presses the back button on the first page of the app, then the app terminates unless it is allowed to run in the background . ",TIMOB-18856,0,
We re taking an approach of generating C HAL wrappers for the Windows APIs from the metabase data. We should get a working prototype that could handle something like this var Canvas TextBlock Page Window var win new Canvas ; Add stuff to the window canvas! var label new TextBlock ; label.FontSize 20; label.Text Hello World! ; var rootFrame var page rootFrame.Content; page.Content win; ,TIMOB-18849,0,
Currently HAL has multiple ways to create JSExport object but basically following two API s are meant to do same thing. auto object1 auto object2 I found there s no reason to keep the first one. It actually has a issue around TIMOB 18461. ,TIMOB-18668,0,
The version we currently have in the Examples folder is out of date. We ll need to rebuild with alloy on windows and update the example with the generated files.,TIMOB-18607,0,
"The Corporate directory app uses opacity, animate , and a series of images on a ImageView to generate a loading animation. We should at least stub out these properties and methods so that we don t crash when they re referenced.",TIMOB-18599,0,
Remove the packaging of the BlackBerry distribution from the regular SDK.,TIMOB-18589,0,
We currently implement this in the Windows subclass. But it s really just a standard mapping from integer http codes to the text describing that code. See or ,TIMOB-18581,0,
Investigate injecting native extensions into a titanium app at build time,TIMOB-18571,0,
Update the master branch of titanium mobile to version 4.0.,TIMOB-18504,0,
"It d be nice to have some HTML page generated that gives a quick overview of how far we are in terms of implementing proxies. It s painful to gather that sort of info by looking through the doc pages. We re already generating YML files and merging it into the JSCA. A single webpage with a rundown of all the classes, properties, methods and events? and a simple green red status would be pretty helpful to quickly glance through and get a high level overview of how far we are.",TIMOB-18417,0,
"JSValue arguments, JSObject this object JSObject parameters if arguments.size 1 const auto 0 arguments.at 0 ; parameters 0; return this object ; we seem to do this pattern a lot where we pull something out of a argument list, cast it, check the type via assertion, etc. this is a good place to come up with either an inlined helper function or a macro. makes the code more readable and has the advantage for developers to ensure we have a very common pattern for how to do this logic. From Jeff s review comments here ",TIMOB-18405,0,
"I would create macro that does this instead which would generate this JSObject createTab const JSObject parameters, JSObject this object TITANIUM NOEXCEPT; JSValue js createTab const arguments, JSObject this object ; From Jeff s review comments here ",TIMOB-18404,0,
Can t we come up with something like this This would generate Advantage is that we force a compile time pattern for the TitaniumKit defined interfaces and it s easier later if we want to change the pattern or add assertions or even compile this code out with our compiler because this method isn t used by the app. From Jeff s review comments here ,TIMOB-18403,0,
"When reviewing the build output on Jenkins, I noticed some Cmake warnings which it looks like we can should suppress This warning is for project developers. Use Wno dev to suppress it. ",TIMOB-18389,0,
"In TIDOC 2011, we created the ability to overlay YAML documentation from multiple sources. For this ticket we need to do the following Copy a similar documentation structure from into which likely means the creation of an apidoc folder. For the implemented proxies, create a corresponding shell .yml file that contains the Windows platform addition, as well as any additional descriptions or notes as appropriate. As a follow on ticket, a way to automatically generate this documentation through a script or tool.",TIMOB-18338,0,
I encountered one compiler error and four compiler warning when when I ran after our December 23 release. on OS X. We should investigate why Travis didn t catch these issues for us. See PR 68 for the fix.,TIMOB-18319,0,
I just noticed that a TitaniumKit class was introduced that duplicates the existing module The code from should be moved to Titanium Module and then should be deleted. Existing Module.hpp and Module.cpp Duplicate TiModule.hpp and TiModule.cpp ,TIMOB-18318,0,
cpplint is a Python script that allows users to test their code for compliance against Google s C Style guide. We should run this script on the Travis build.,TIMOB-17943,0,
cpplint allows us to check for Google C Style guide compliance This gives a good suggestion for how to fix it ,TIMOB-17942,0,
"A cross platform logger that runs on OS X, Windows Desktop and WinRT Windows Store and Windows Phone Requirements Output INFO, WARNING, DEBUG and ERROR logs Thread safe Type safe Cross platform Exclude the use of third party libraries",TIMOB-17801,0,
"iOS Map Module bump version to 2.0.4, add to titanium mobile, update titanium released ",TIMOB-17786,0,
Need to update the ti.cloud to v3.2.4 in titanium mobile. h6. ti.cloud 3.2.4 changes TIMODOPEN 416 TIMODOPEN 423 TIMODOPEN 432 Also need to update ,TIMOB-17717,0,
1. Create WP81 unit and performance tests for JavaScriptCore that integrates with the CI server setup by Allen. 1.1. The unit tests should be based in test262 this is item 7 from the Igalia SOW . 1.2. The performance tests should be based on JSBench.,TIMOB-17499,0,
"In 3.2.0 we deprecated FastDev. In 3.3.0, we need to remove the code altogether. For now, if you wish to use it, you still can from the command line following the instructions in ",TIMOB-15519,0,
"run TIMOB 10763 CLI Android run hook for Android apps validate NEW! verify device exists post compile if build only exit, do not start adb TIMOB 12034 CLI Building for android with b build only flag starts the daemon waits for the device after building the app else verify device still exists support multiple devices TIMOB 7053 Tooling Android when using Run on Device provide support for multiple devices wait for device install the app adb install if install fails with error adb uninstall the app, then try again TIMOB 8665 Android when installing different app with same app id if installed successfully, then adb shell am start adb forward debugger and profiler",TIMOB-14982,0,
package copy apk file output directory,TIMOB-14981,0,
"create check if using a custom validate for sane values otherwise generate the fill in missing info if using Ti.Geolocation, make sure the correct permissions are added to the TIMOB 5749 Android not properly created when using Ti.Geolocation events make sure all Titanium Modules have correct dependency permissions added to the TIMOB 14899 Tooling Include Google Maps V2 metadata into timodule.xml so can be added to the manifest with the correct app id if using custom AndroidManifest, write the default to a separate file ",TIMOB-14978,0,
"Steps to reproduce Create a new SingleWindow application from a template Start the project under LiveView in this case, iOS simulator Edit the files in i18n. Note that saving those files doesn t restart the app. Expected behavior Editing a .xml file in the i18n folder would refresh the application.",TIMOB-13999,0,
"Different environments will have different login endpints test, dev, pre prod, enterprise, vpc. To accommodate these different environments, the cli will have to make the login endpoint configurable currently it is hard coded to This can be configured via the config file or via a parameter This is preventing Studio from working properly against the enterprise cluster, ie unable to login means users can t create projects. As a work around, users would have to have the same username password on all type servers",TIMOB-13656,0,
Implement at least Titanium.App.guid Titanium.App.id,TIMOB-12410,0,
Need to implement at least ,TIMOB-12239,0,
Need to implement at least Titanium.Database ,TIMOB-12116,0,
"As a BlackBerry developer, I want the ability to integrate with other applications on the platform in order to provide better multitasking for the user.",TIMOB-11686,0,
"Ticket for tracking the update of JSCore to the version shipping with a later version of iOS. Document is here We can pick a version based on a tag from Some versions we have been able to ascertain, but it is unclear why we wouldn t just pick the latest stable version. iOS 8.X iOS 8.1.0 KHTML, like Gecko Version 8.0 Mobile 12B411 Safari 600.1.4 iOS 8.0.2 KHTML, like Gecko Version 8.0 Mobile 12A405 Safari 600.1.4 iOS 8.0.0 KHTML, like Gecko Version 8.0 Mobile 12A365 Safari 600.1.4 iOS 7.1 7.1 KHTML, like Gecko Version 7.0 Mobile 11D167 Safari 9537.53 iOS 6.1.3 ",TIMOB-11093,0,
Use the implementation matrix to see what s remaining these are things that are not implemented but supported in Cascades Implement at least ,TIMOB-10878,0,
Use the implementation matrix to see what s remaining these are things that are not implemented but supported in Cascades ,TIMOB-10877,0,
Use the implementation matrix to see what s remaining these are things that are not implemented but supported in Cascades Add at least does not appear to be applicable in Cascades ,TIMOB-10870,0,
Create TextField. Try to set Value or get value during some action for example button click event . for getValue undefined is returned. for setValue doesn t set the textfield value. ,TIMOB-10717,0,
Unmbrella task to link to all the bug and issue of the current framework that prevent easy extension of the api using js. Will also need to be figured out inheritance between native objects and js objects,TIMOB-10307,0,
"On Android and iOS, the default unit can be overriden on a per application level by setting the ti.ui.defaultunit property in tiapp.xml. For example, to use DIPs as the default on all platforms, set defaultunit to dip property The value for ti.ui.defaultunit can be any of the unit specifiers defined above, or system to specify that the platform s default unit should be used.",TIMOB-10305,0,
This activity should be done at the feature complete stage of the project,TIMOB-10299,0,
Implement getHeight getWidth getBottom setBottom getRight setRight getSize setSize,TIMOB-10272,0,
Complete UI View methods properties events NOT required by Kitchen Sink Add at least ,TIMOB-10266,0,
"This umbrella task is to address functional delta in controls that were previously implemented using R4 release of Cascades. It could either mean implementing new functionality now available in R6, or redoing something that no longer works or was implemented as a workaround. Refer to the implementation matrix to see what elements need to be implemented",TIMOB-10264,0,
IOStream is the interface that all stream types implement. Methods 5 Sub Classes 4,TIMOB-10257,0,
"Depends on Cascades R6 An alert dialog is a modal view that includes an optional title, a message and buttons, positioned in the middle of the display. In iOS ",TIMOB-10059,0,
"To get this to work in KS, we need TIMOB 9879 and whatever else to fix the click event for TableView, but the Tab.open and setWindow can still be implemented separately. Take a look at for .open , but currently we can t use the bootstrapping to extend the API because we create different objects instead of using the prototype.",TIMOB-9972,0,
Implement remove method for removing child controls from a container.,TIMOB-9971,0,
"Currently, when we throw an exception while a file is being loaded by include or require, both files are shown in the message eg file1.js line 2 file2.js line 5 Missing argument . We need to make changes so the following is true the exception has the tag only the filename containing the actual error is shown might need to get rid of some TryCatch s might need to use the filename shows the full path minus the an exception thrown from an event handler shows the filename and crashes the app eg calling Ti.API.debug with no params in a button handler Also need to clean split up and implement Ti.API.log in .js.",TIMOB-9953,0,
"Currently, include s method of doing relative files only works if all done in successive order. It does not work for windows with a url not implemented or if include is used in a function of a file in a subdir. Also, require does not have any method right now. My proposal is to store the filepath in each TiObject so it can be retrieved later when needed. Also, we need to make sure that require properly handles a native Titanium module by its ID eg ",TIMOB-9950,0,
Implement platform specific file in closest match likely to be android.js minor updates to to add BB as a known platform select a socket port for BB in created from a copy of exampleConfig.js Identify necessary Ti API calls needed for the harness app and implement them Figure out the communication between driver and harness,TIMOB-9840,0,
calling toString on an object created by the Ti framework fails. We think that the property enumeration doesn t enumerate the inherited properties. ,TIMOB-9665,0,
Use the implementation matrix to see what s remaining Implement at least sheets dialogs in Cascades? ,TIMOB-9605,0,
Use the implementation matrix to see what s remaining these are things that are not implemented but supported in Cascades Add at least ,TIMOB-9604,0,
Part of this task need to clean left and top properties from inherited classes that don t need to override the default implementation. One such occurence is in ,TIMOB-9454,0,
"things like the following don t currently work in V8 var v new String bla bla ; v is undefined after executing that line var i parseInt 5 ; TypeError parseInt not a member of error These are just 2 examples, many more likely have the same behavior. ",TIMOB-9398,0,
The argparse module was introduced in python 2.7 but we need to support 2.6 so we need to use optparse instead. It s fairly similar except it doesn t support sub parsers.,TIMOB-9309,0,
Need to add a universal logger to the framework. May use exceptions and stop the app in debug mode and only log in release mode. Also go over all existing qDebug and printf to update them to use the new logger. The logger will also need to do some locking to ensure that logging from concurrent threads doesn t result in logs cut and merged in the middle.,TIMOB-9306,0,
"Error messages during runtime are, in most cases, not returning a readable message. A centralized string table should be created with properly formatted messages to help users with debugging.",TIMOB-9293,0,
The current state of Android animation APIs and its limitations bugs needs a review to address various animation issues.,TIMOB-9286,0,
"Add event handler embedded class for each native controllers, which will be responsible for handling QT cascade events.",TIMOB-9219,0,
"Updating API doc is now part of the patch cycle. However, some components added in the past have not been reflected in API doc ImageView TextField ActivityIndicator maybe, check it out This task is to add past work to the API doc.",TIMOB-9204,0,
Currently the Titanium runtime haults JS execution prints information to the stdout during an exception and then the Cascades message loop is entered. This should be changed to shutdown the app and return an error code. Pull request ,TIMOB-9203,0,
"For now used native DropDown component for OptionDialog. In future when modal dialog will be supported by cascades, we need to switch to something more similar thing for OptionDialog, as already in Android and iPhone.",TIMOB-9202,0,
the bar descriptor file needs to be updated everytime we package to pick up potential changes to the tiapp.xml file,TIMOB-9164,0,
remove extra libs from common.mk adjust paths to R4 ndk for default detection in blackberryndk.py And other things that might not work,TIMOB-9158,0,
"Add building of libtibb.ca in the scons script and package it properly in the resulting zip file, also remove any unnecessary files from the zip",TIMOB-8926,0,
"Condition Cascades R4 needs to be available tentative date April 30th 1 resolve conflicts, pay special attention to things that have already been implemented in Titanium.API 2 investigate if there is anything new added to controls that we already implemented 3 if any, implement new additions to controls that we already implemented",TIMOB-8870,0,
"Every UI control in Titanium extends the View and as such inherit methods from it. This implementation is missing from the current framework. It needs to be implemented asap so as to minimize the rework to be done in existing controls at the time this is implemented. To facilitate this change, we will likely include a container for all controls that we have, so the View methods to act upon.",TIMOB-8843,0,
"A TableView section object. Usually contains TableViewRows In iOS, this is an abstract non iOS class used to group rows into sections. There is no native analog.",TIMOB-8840,0,
"Implement TableViewRow proxies which support the simple row style. For simple rows title, leftImage, etc can probably use the Cascades StandardListItem. This is already implemented for using plain objects for the data array. Developers should also be able to listen for click and swipe events on rows. ",TIMOB-8839,0,
"A tab instance for a TabGroup A TabGroup tab instance. Each tab includes a button and one or more windows, which holds the contents of the tab. Users can select a tab by clicking on the tab button. In iOS, this actually is more of a combination of UITabBarItem and meant to go into a tab group. Android does not have a concept, so it depends on what Blackberry provides. ",TIMOB-8836,0,
"A specialized text field for entering search text. The SearchBar object is closely modeled on an iOS native search bar. As such, not all features are supported on other platforms. In iOS, a direct mapping of UISearchBar ",TIMOB-8833,0,
"As a developer, I want a view that provides a viewport of a content view that can be scrolled using gestures both horizontally and vertically. The existing Titanium API for this feature is Ti.UI.ScrollView. Cascades does provide a control ScrollView which should meet the requirements for this view.",TIMOB-8832,0,
Implement the methods for accessing and modifying data within the clipboard. ,TIMOB-8812,0,
"Define a document that outlines all C C coding standards any C C written for Appcelerator internal or community contributions should adhere to. This should represent more than syntax, but general design approaches and process flow. This document will be focused on language only. Platform Specific information will be contained inside another document.",TIMOB-8681,0,
"Define a document that outlines all Javascript coding standards any javascript written for Appcelerator internal or community contributions should adhere to. This should represent more than syntax, but general design approaches and process flow. This document will be focused on language only. Platform Specific information will be contained inside another document. This is a collaboration ticket.",TIMOB-8680,0,
"I accidentally updated my ANDROID SDK environment variable to a bad value, and suddenly Studio was unable to find my Android platforms, even though I had a correct SDK specified in preferences. Digging into the code, I see that we pass a specific directory to search to avd.py, by defers to ANDROID SDK before utilizing supplied . It seems we should respect the passed in directory first before defaulting to backup options like environment variables.",TIMOB-8658,0,
"iOS currently has some coding standards available, with an uncrustify to beautify source in tidevtools We need to evaluate the uncrustify and manually written instructions for Correctness Completeness Consistency Tabs vs. spaces we need to standardize on one! These standards should apply to Objective C and Objective C only, but may require some preliminary drafts for C and C style. This ticket is not for establishing design patterns or workflow unlike the broad scope of TIMOB 8241, which is being narrowed. Part of this ticket is also deciding how to enforce code formatting i.e. coerce all submitters to make their source conform to the standard .",TIMOB-8627,0,
Guide for QE developers to setup and test the Blackberry port of Titanium SDK using KitchenSink Should be placed on a separate page in this space ,TIMOB-8598,0,
Implement the Gesture module. ,TIMOB-8582,0,
This may be completed. It only looks like the following are required Titanium.API.debug Titanium.API.error Titanium.API.info Titanium.API.log Titanium.API.trace Titanium.API.warn,TIMOB-8574,0,
minimum BB10 for demo,TIMOB-8570,0,
"need more info from Vishal, drillbit vs module tests?",TIMOB-8569,0,
"Build blackberry native app from shell application, v8 and Kroll from titanium tie in with builder ",TIMOB-8567,0,
Possibly create wrappers for the v8,TIMOB-8566,0,
"Extend the ndk classes to create our shell application that will contain the app.js and the kroll and v8 runtimes equiv. learn what is needed to create the blackberry shell app to contain the app.js as resource Create actual classes extending the classes in the ndk, they will form the titanium library Do the minimum to get the app up and loading the js file, leave the rest stubbed out with TODOs create file templates for the shell app link with libV8 and Kroll",TIMOB-8565,0,
"Some required to figure out how this can be accomplished, can likely use help from RIM technical contact to mimic what s available in the QNX IDE minimum trap console logging",TIMOB-8564,0,
Work with the studio team to integrate project creation ,TIMOB-8563,0,
We should upgrade to a newer version of V8. One of the main new features that has been implemented is incremental GC. This also exposes some additional API that can help us better tune the GC. Targeting V8 version 3.9.24 3.9 stable branch .,TIMOB-8306,0,
"Define a document that outlines all Java coding standards any Java written for Appcelerator internal or community contributions should adhere to. This should represent more than syntax, but general design approaches and process flow. This document will be focused on language only. Platform Specific information will be contained inside another document.",TIMOB-8241,0,
"Based on ticket TISTUD 1180, it seems odd that Titanium Studio knows how to clean a build, especially since it doesn t know how to do the build itself. From here it seems that a titanium clean platform p1,p2 command or if omitted, cleans all platforms would be good, as then Studio does not need to internalize a very platform specific function.",TIMOB-7652,0,
"Titanium Mobile is still reporting the SDK version as 1.9. Studio is now restricting UI elements for ACS based on an anticipated version of 2.0. Until the SDK version is updated, the UI elements will not appear.",TIMOB-7645,0,
"Our Mobile Web team needs simplejson, and it s packaged under support android. There shouldn t be a need for mobileweb to depend on android i.e., if someone builds the sdk with they won t even get android. ",TIMOB-6288,0,
Windows Native module How To documentation,TIMOB-23148,1,
iOS Inconsistent behavior with various UI components when toggling autolayout,TIMOB-20505,1,
Windows Badge icon needed with background task for Windows Store,TIMOB-20496,1,
GitHub Release tags marked as pre release since 5.0.2.GA,TIMOB-20442,1,
Support for Github pull request issue templates,TIMOB-20424,1,
Bump master to 5.4.0 and change already merged 6.0.0 features to 5.4.0 in docs,TIMOB-20413,1,
Create Jenkins build machine for titanium mobile build and unit testing,TIMOB-20329,1,
Windows Make use of an LRU cache for cached property values,TIMOB-20316,1,
Windows Prevent MSBuild from locking resources after builds,TIMOB-20300,1,
Hyperloop Support Blur effect example,TIMOB-20277,1,
Windows Run unit tests on CI builds for Desktop Store apps,TIMOB-20263,1,
Windows Reduce memory consumption at TitaniumKit startup,TIMOB-20256,1,
Set Xcode 7.0 as minimum requirement for titanium build,TIMOB-20228,1,
Windows Investigate crash dump analysis library,TIMOB-20224,1,
Windows Use of Thread Local Storage TLS for Windows 10,TIMOB-20205,1,
Android Camera.open can throw a RuntimeException.,TIMOB-20202,1,
Windows Enable SAFESEH for Windows 10 x86 build,TIMOB-20201,1,
Windows Documention on custom capabilities,TIMOB-20185,1,
Windows Investigate UI for Tab Group in Windows 10,TIMOB-20164,1,
Windows Have PR builder run against Windows 10 and 8.1 with unit tests,TIMOB-20159,1,
Windows Update script to handle Windows 10 appxmanifest,TIMOB-20158,1,
Windows setup.js script doesn t set environment variables permanently on Windows 10,TIMOB-20086,1,
Ti.barcode stopped to work in IOS8 after adding 64 bit support,TIMOB-20068,1,
Windows Convert platform specific store or phone only code to using macros to guard,TIMOB-20064,1,
Windows Update CLI to use Windows 10 artifacts during win10 project builds,TIMOB-20051,1,
Windows Combine Windows 8.1 and Windows 10 SDK build artifacts for release,TIMOB-20050,1,
Windows Set up unit testing against Win 10 builds,TIMOB-20049,1,
Automated Unit Tests on Travis CI,TIMOB-19997,1,
Windows Test Windows 10 universal app under Windows 10 mobile,TIMOB-19867,1,
Windows Revisit skipped mocha test,TIMOB-19865,1,
Windows Modify Windows SDK build process to grab and use JavaScriptCore from a URL,TIMOB-19804,1,
Android Update native code to work against latest LTS V8 APIs,TIMOB-19795,1,
Android Update makefiles and build.xml to build against latest LTS of V8 library,TIMOB-19793,1,
Android Update v8 titanium build process to build latest LTS of V8,TIMOB-19791,1,
Windows Docs Clarify requirements installation,TIMOB-19789,1,
iOS Sample app crashes on start with SQLite error related to analytics,TIMOB-19773,1,
Android Support usage of third party AARs in Hyperloop,TIMOB-19717,1,
Windows Set up a Windows 10 build machine,TIMOB-19704,1,
Android Support usage of third party JARs in Hyperloop,TIMOB-19703,1,
Android Support implementing native interfaces in hyperloop,TIMOB-19702,1,
Android Generate first working prototype of module that allows Android API usage in JS,TIMOB-19700,1,
Windows Compile targeting Windows 10 Universal,TIMOB-19677,1,
Windows Compile HAL targeting Windows 10,TIMOB-19676,1,
Windows Compile JavaScriptCore targeting Windows 10,TIMOB-19662,1,
Windows Test if examples work on Windows 10,TIMOB-19652,1,
Windows Windows 10 support for cmake,TIMOB-19651,1,
Android Support building SDK on JDK 8 ,TIMOB-19648,1,
Windows Ensure Windows 8.1 targeted projects can build with Visual Studio 2015,TIMOB-19575,1,
Windows Ensure Windows 8.1 targeted projects can be built with VS 2013 on Windows 10,TIMOB-19574,1,
Bump titanium mobile master branch to 5.1.0,TIMOB-19500,1,
Windows Test CLI on Windows 10 VS 2013,TIMOB-19456,1,
Create JerryScript Titanium API on Apple Watch prototype,TIMOB-19287,1,
Windows Test Movies sample,TIMOB-19286,1,
"Windows Implement Ti.UI.Picker, PickerColumn, PickerRow",TIMOB-19276,1,
Windows Update Webkit JSC port to latest,TIMOB-19243,1,
iOS Keyboard loses focus after 1 character when TextField is in a TableView TableViewRow,TIMOB-19241,1,
Windows Wrong use of ,TIMOB-19216,1,
Windows Test Corporate Employee Directory sample,TIMOB-19059,1,
Windows Test Field Service sample,TIMOB-19058,1,
Windows Test Todo list sample,TIMOB-19057,1,
Windows Test Rss Reader sample,TIMOB-19056,1,
Windows Test Geocoder sample,TIMOB-19055,1,
Windows Package i18n resources,TIMOB-19041,1,
Windows Global.String and i18n functions,TIMOB-19033,1,
Windows Update Ti.buildHash and Ti.buildDate properties on CI build,TIMOB-19031,1,
Windows auto layout support,TIMOB-18997,1,
Windows CommonJS module loading support,TIMOB-18975,1,
Windows Write How To documentations,TIMOB-18950,1,
Windows Fix Jenkins CI build error,TIMOB-18949,1,
Windows Create windows module build script,TIMOB-18942,1,
Windows Implement the ability to use native modules with a titanium project,TIMOB-18940,1,
Windows Add windows module create command to the CLI,TIMOB-18939,1,
Windows Create templates for native module project generation,TIMOB-18938,1,
Windows Create a default native project structure,TIMOB-18937,1,
Windows Move native type hooks wrappers to user s app,TIMOB-18935,1,
Windows Reduce number of VS module projects,TIMOB-18928,1,
Windows Combine JavaScriptCore projects for Windows 8.1,TIMOB-18904,1,
Test of DEVOPS 4274,TIMOB-18863,1,
Windows Introduce Nullable templated type in TitaniumKit APIs,TIMOB-18860,1,
Windows CI build server for JavaScriptCore,TIMOB-18859,1,
Windows hardware back button should close Ti.Window,TIMOB-18856,1,
Windows Working prototype of Native API wrappers,TIMOB-18849,1,
Windows Investigate how to expose Native APIs through Javascript,TIMOB-18817,1,
Windows JSExport API CreateObject T should be removed,TIMOB-18668,1,
Windows Implement simple linear animations,TIMOB-18619,1,
Windows Convert current corporate directory app into example,TIMOB-18607,1,
Windows Stub out remaining properties and methods on existing UI proxies for Corporate Directory app,TIMOB-18599,1,
BlackBerry Remove from SDK Distribution,TIMOB-18589,1,
CLI Remove BB from Titanium CLI,TIMOB-18588,1,
Windows Implement cross platform mapping of status codes to status text for HTTPClient,TIMOB-18581,1,
iOS Investigate including native extensions in a Titanium project,TIMOB-18571,1,
TiAPI Move titanium mobile master version to 4.0,TIMOB-18504,1,
Windows Generate an overview of Windows API implementation coverage,TIMOB-18417,1,
HAL Create helper functions macros for typical argument list type checking casting in js bridge methods,TIMOB-18405,1,
HAL Create helper macros for defining TitaniumKit bridge function pairs,TIMOB-18404,1,
HAL Create helper functions macros for common property additions to classes,TIMOB-18403,1,
Remove developer warnings from build scripts,TIMOB-18389,1,
Add documentation for Windows APIs,TIMOB-18338,1,
Windows Fix Travis to catch missed compiler error and warnings,TIMOB-18319,1,
Windows Move Duplicate Titanium TiModule Into Existing Titanium Module,TIMOB-18318,1,
Run ctest tests on CI build of HAL,TIMOB-18314,1,
Run ctest tests on CI build of ,TIMOB-18313,1,
Windows Run cpplint as part of Travis build,TIMOB-17943,1,
Windows Add cppcheck cpplint to CI Build,TIMOB-17942,1,
Run ti mocha tests as part of Jenkins build,TIMOB-17833,1,
Windows Cross platform C Logger,TIMOB-17801,1,
iOS Map Module bump version to 2.0.4 and add titanium mobile,TIMOB-17786,1,
Update ti.cloud module shipped with the SDK to v3.2.4,TIMOB-17717,1,
Windows Create WP81 Unit and Performance Tests,TIMOB-17499,1,
Create Travis status page across repositories,TIMOB-17475,1,
Android Build Run Hook,TIMOB-14982,1,
Android Build Package Hook,TIMOB-14981,1,
Android Build Package and sign app,TIMOB-14980,1,
Android Build Build Java files and run dexer,TIMOB-14979,1,
Android Build Create AndroidManifest.xml,TIMOB-14978,1,
Android Build Compile resources,TIMOB-14977,1,
Android Build Init the build android directory and files,TIMOB-14976,1,
Android Build Detect if need to force rebuild,TIMOB-14974,1,
Android Build Validate command line arguments and tiapp.xml settings,TIMOB-14973,1,
LiveView App not updating upon editing localization files,TIMOB-13999,1,
CLI needs to support the ability to specify different login endpoints,TIMOB-13656,1,
BlackBerry Implement important functionality,TIMOB-12516,1,
BlackBerry Implement important Titanium.App functionality,TIMOB-12410,1,
BlackBerry Implement important Titanium.Platform functionality,TIMOB-12409,1,
BlackBerry Implement important Titanium.Map.View functionality,TIMOB-12239,1,
BlackBerry Implement important Titanium.Map functionality,TIMOB-12237,1,
BlackBerry Implement important Titanium.Analytics functionality,TIMOB-12236,1,
BlackBerry Implement important Titanium.Media functionality,TIMOB-11932,1,
needs to be implemented,TIMOB-11637,1,
iOS Update jscore to 538.11.1 version,TIMOB-11093,1,
Blackberry Implement important UI.TableView functionality,TIMOB-10878,1,
Blackberry Implement important Titanium.UI.Switch functionality,TIMOB-10877,1,
Blackberry Implement important Titanium.UI.Slider functionality,TIMOB-10876,1,
Blackberry Implement important functionality,TIMOB-10875,1,
Blackberry Implement important Titanium.UI methods,TIMOB-10869,1,
Blackberry Implement important Ti.UI.Label functionality,TIMOB-10849,1,
Blackberry Upgrade to R8,TIMOB-10820,1,
Blackberry Fix Anvil issue caused by sync,TIMOB-10814,1,
BlackBerry Sync with Appcelerator branch Sprint 13 ,TIMOB-10778,1,
Blackberry Implement value property,TIMOB-10717,1,
BlackBerry Anvil Add ability to run on device,TIMOB-10713,1,
Blackberry Merge Appcelerator s KS branch with our branch,TIMOB-10468,1,
BlackBerry Anvil Make list of anvil tests that can be run for BlackBerry,TIMOB-10442,1,
Blackberry Imageview parity for scaling behavior,TIMOB-10371,1,
BlackBerry Add support of javascript implementation of parts of the Ti API,TIMOB-10307,1,
Blackberry Support overriding the default UI unit via tiapp.xml,TIMOB-10305,1,
Blackberry Update API doc to state what is NOT implemented,TIMOB-10299,1,
BlackBerry Implement important Titanium.Network functionality,TIMOB-10275,1,
BlackBerry Finish size and position methods properties on R6 UI View,TIMOB-10272,1,
BlackBerry Implement getZIndex on R6 UI View,TIMOB-10271,1,
"BlackBerry Implement getWidth, getHeight in R6 UI View",TIMOB-10270,1,
BlackBerry Complete Ti.UI.View methods properties events,TIMOB-10266,1,
Blackberry adjust UI controls based on R8,TIMOB-10264,1,
BlackBerry Sync with Appcelerator branch Sprint 11 ,TIMOB-10233,1,
"Blackberry Implement startLayout, finishLayout, updateLayout methods",TIMOB-10224,1,
BlackBerry Revisit UI.AlertDialog implementation based on R6,TIMOB-10059,1,
BlackBerry Sync with Appcelerator branch,TIMOB-10025,1,
"BlackBerry Implement UI.Tab.open and .setWindow, needed for KitchenSink",TIMOB-9972,1,
BlackBerry Complete remove method in UI View,TIMOB-9971,1,
BlackBerry Fix logging exception tags and exception output,TIMOB-9953,1,
BlackBerry Fix implement relative include require,TIMOB-9950,1,
BlackBerry make sure that TiObjects get to the destruction state,TIMOB-9933,1,
BlackBerry Upgrade Cascades to R6,TIMOB-9916,1,
Blackberry address comments from Martin s review,TIMOB-9897,1,
BlackBerry Integrate Anvil unit test framework and get tests to run,TIMOB-9840,1,
BlackBerry Support UI Controller property which value is another controller,TIMOB-9830,1,
Blackberry Resolve and clean TODOs and FIXMEs in the code,TIMOB-9685,1,
Blackberry fix property enumeration on JS object created by the framework,TIMOB-9665,1,
BlackBerry Implement important Titanium.UI.Window functionality,TIMOB-9605,1,
BlackBerry Implement important Titanium.Buffer functionality,TIMOB-9542,1,
BlackBerry Complete Layout Handling of UI View,TIMOB-9454,1,
Blackberry Get standard JS keywords to work in V8,TIMOB-9398,1,
BlackBerry Add script to create and install debug token,TIMOB-9378,1,
BlackBerry bring in the latest Appcelerator code into BB branch,TIMOB-9369,1,
BlackBerry Convert argparse to optparse,TIMOB-9309,1,
Blackberry add a universal logging mechanism for tibb,TIMOB-9306,1,
BlackBerry Create string table for Titanium error messages,TIMOB-9293,1,
BlackBerry Generate moc files during the build,TIMOB-9291,1,
Android Animation code review,TIMOB-9286,1,
BlackBerry Refactoring event handler implementation,TIMOB-9219,1,
BlackBerry Bring API doc up to date,TIMOB-9204,1,
BlackBerry Handle JavaScript exceptions in runtime,TIMOB-9203,1,
Blackberry regenerate the bar descriptor file at packaging time,TIMOB-9164,1,
Blackberry Update the tibbapp project to work with the R4 release of Cascades,TIMOB-9158,1,
BlackBerry Complete remaining issues from code review,TIMOB-8996,1,
Blackberry Add formatting check in git pre commit hook,TIMOB-8983,1,
Blackberry Implement proper packaging of blackberry mobile sdk,TIMOB-8926,1,
Blackberry Add support for debugging titanium apps in studio,TIMOB-8925,1,
BlackBerry Implement important Titanium.Blob functionality,TIMOB-8897,1,
BlackBerry Integrate Cascades R4,TIMOB-8870,1,
Core Integrate Drillbit into the CI Loop,TIMOB-8852,1,
BlackBerry Implement UI.View based on R4,TIMOB-8843,1,
BlackBerry Implement UI.TextField Part 1,TIMOB-8842,1,
BlackBerry Implement Simple TableViewRows,TIMOB-8839,1,
BlackBerry Implement UI.TableView Part 1,TIMOB-8838,1,
BlackBerry Implement UI.TabGroup elements needed for KitchenSink,TIMOB-8837,1,
BlackBerry Implement UI.Tab elements needed for KitchenSink,TIMOB-8836,1,
BlackBerry Implement UI.Switch part1,TIMOB-8835,1,
BlackBerry Implement important ScrollView functionality,TIMOB-8832,1,
BlackBerry Implement UI.ProgressBar part1,TIMOB-8830,1,
BlackBerry Implement UI.OptionDialog part1,TIMOB-8825,1,
BlackBerry Implement UI.Label part2,TIMOB-8821,1,
BlackBerry Implement UI.ImageView Part 1,TIMOB-8820,1,
BlackBerry Implement UI.Button part1,TIMOB-8815,1,
BlackBerry Implement UI module root methods and properties,TIMOB-8811,1,
Android Failure building with Java 1.7.0 Java 7 ,TIMOB-8800,1,
BlackBerry Implement ACS CloudPush module,TIMOB-8785,1,
BlackBerry Implement module API,TIMOB-8721,1,
Core Define C C coding standards,TIMOB-8681,1,
Core Define Javascript coding standards,TIMOB-8680,1,
Android Switch search order of variables in androidsdk.py,TIMOB-8658,1,
"iOS Refine Obj C, Obj C coding standards",TIMOB-8627,1,
"BlackBerry Integrate the final deliverable into the current build, testing and development infrastructure",TIMOB-8602,1,
BlackBerry Setup and test guide,TIMOB-8598,1,
BlackBerry Get KitchenSink to work,TIMOB-8597,1,
BlackBerry Full support for builder script,TIMOB-8594,1,
BlackBerry Implement important Titanium.Yahoo functionality,TIMOB-8593,1,
BlackBerry Implement important Titanium.XML functionality,TIMOB-8592,1,
BlackBerry Implement important Titanium.Utils functionality,TIMOB-8591,1,
BlackBerry Implement important Titanium.Stream functionality,TIMOB-8589,1,
BlackBerry Implement Network module for Anvil,TIMOB-8587,1,
BlackBerry Implement Media module,TIMOB-8585,1,
BlackBerry Implement important Titanium.Locale functionality,TIMOB-8583,1,
BlackBerry Implement important Gesture functionality,TIMOB-8582,1,
BlackBerry Implement Facebook module,TIMOB-8579,1,
BlackBerry Implement Contacts module,TIMOB-8577,1,
BlackBerry Implement important Ti.API functionality,TIMOB-8574,1,
BlackBerry Implement BlackBerry specific components,TIMOB-8573,1,
BlackBerry Implement Analytics module,TIMOB-8572,1,
BlackBerry Run on simulator and device,TIMOB-8570,1,
BlackBerry Integrate unit tests,TIMOB-8569,1,
BlackBerry Integrate with the cascades framework,TIMOB-8568,1,
BlackBerry Build blackberry native app,TIMOB-8567,1,
BlackBerry Build v8 on the QNX ndk as static lib,TIMOB-8566,1,
BlackBerry Extend the ndk classes to create the shell application,TIMOB-8565,1,
BlackBerry Run and debug on device simulator from Titanium Studio,TIMOB-8564,1,
BlackBerry Support ability to create new blackberry project in Titanium Studio,TIMOB-8563,1,
BlackBerry Adapt scons script SConstruct to build for blackberry,TIMOB-8562,1,
Android Upgrade V8 to 3.9.24,TIMOB-8306,1,
Core Define Java coding standards,TIMOB-8241,1,
Tooling Add clean option to titanium build scripts,TIMOB-7652,1,
Tooling Update SDK version number to 2.0,TIMOB-7645,1,
"As a developer, I want to be able to pass arbitrary arguments to the Android emulator",TIMOB-7393,1,
Android and mobileweb Move simplejson and mako out of Android specific folders to make them generally available,TIMOB-6288,1,
